plot_id,census_tree_id,census_stem_id,census_species,census_x_rot_m,census_y_rot_m,census_dbh_m,t2t_matches,t2t_tree_id,rct_matches,rct_tile,rct_tree_id,t2t_tree_id_best,t2t_dbh_best,rct_tile_best,rct_tree_id_best,rct_dbh_best
P09,1,1,Baikiaea plurijuga,10.231483954291978,4.674938628997399,0.225,0,[],1,['Tile_0_0'],[43],,,Tile_0_0,43,0.249
P09,2,3,Baikiaea plurijuga,11.416984245809871,-0.7412028996935751,0.151,0,[],3,"['Tile_0_0', 'Tile_0_0', 'Tile_0_0']","[44, 89, 91]",,,Tile_0_0,89,0.12
P09,2,2,Baikiaea plurijuga,11.594019051807257,-0.358111947744212,0.253,0,[],4,"['Tile_0_0', 'Tile_0_0', 'Tile_0_0', 'Tile_0_0']","[43, 44, 47, 91]",,,Tile_0_0,44,0.219
P09,4,4,Baikiaea plurijuga,13.907393946145085,1.264354260916981,0.478,3,"['0072_T0', '0055_T1', '0055_T0']",3,"['Tile_0_0', 'Tile_0_0', 'Tile_0_0']","[43, 47, 49]",0055_T0,0.455,Tile_0_0,47,0.323
P09,5,5,Baikiaea plurijuga,17.7491236827219,6.092398650843551,0.295,1,['0072_T0'],1,['Tile_0_0'],[49],0072_T0,0.292,Tile_0_0,49,0.275
P09,6,6,Baikiaea plurijuga,17.726689502771556,-0.8417989745180128,0.285,3,"['0072_T0', '0055_T1', '0073_T0']",5,"['Tile_0_0', 'Tile_0_0', 'Tile_0_0', 'Tile_0_0', 'Tile_0_0']","[44, 47, 49, 50, 91]",0072_T0,0.292,Tile_0_0,47,0.323
P09,6,7,Baikiaea plurijuga,17.902708500166003,-1.2630083198040047,0.17600000000000002,1,['0073_T0'],6,"['Tile_0_0', 'Tile_0_0', 'Tile_0_0', 'Tile_0_0', 'Tile_0_0', 'Tile_0_0']","[44, 50, 53, 89, 91, 94]",0073_T0,0.2,Tile_0_0,94,0.131
P09,8,8,Baikiaea plurijuga,19.224750983100048,2.0044989370077646,0.242,2,"['0072_T0', '0073_T0']",7,"['Tile_0_0', 'Tile_0_0', 'Tile_0_0', 'Tile_0_0', 'Tile_0_0', 'Tile_0_0', 'Tile_0_0']","[47, 49, 50, 53, 91, 94, 104]",0073_T0,0.2,Tile_0_0,49,0.275
P09,9,10,Baikiaea plurijuga,22.77834010397809,1.1704699447195894,0.268,1,['0073_T0'],5,"['Tile_0_0', 'Tile_0_0', 'Tile_0_0', 'Tile_0_0', 'Tile_0_0']","[50, 53, 58, 103, 104]",0073_T0,0.2,Tile_0_0,104,0.251
P09,9,11,Baikiaea plurijuga,23.052304623280165,1.51477132746962,0.495,2,"['0056_T0', '0073_T1']",3,"['Tile_0_0', 'Tile_0_0', 'Tile_0_0']","[58, 59, 104]",0073_T1,0.494,Tile_0_0,59,0.45
P09,9,9,Baikiaea plurijuga,22.97034475215616,0.6087456216944833,0.48100000000000004,2,"['0056_T0', '0073_T1']",4,"['Tile_0_0', 'Tile_0_0', 'Tile_0_0', 'Tile_0_0']","[50, 58, 59, 104]",0056_T0,0.473,Tile_0_0,58,0.335
P09,12,12,Brachystegia spiciformis,14.07595266317288,15.609405252771763,0.10800000000000001,1,['0090_T0'],1,['Tile_0_0'],[40],0090_T0,0.104,,,
P09,13,13,Baikiaea plurijuga,12.492044916083202,9.764335856373698,0.47,1,['0090_T1'],0,[],[],0090_T1,0.331,,,
P09,15,15,Baikiaea plurijuga,15.88564591439481,15.153433393462668,0.401,2,"['0090_T2', '0091_T1']",0,[],[],0090_T2,0.399,,,
P09,16,17,Baikiaea plurijuga,29.77543240203872,17.673003064590027,0.47600000000000003,0,[],2,"['Tile_1_0', 'Tile_1_0']","[12, 160]",,,Tile_1_0,160,0.275
P09,16,16,Baikiaea plurijuga,28.80410365178591,16.452298162112644,0.537,0,[],2,"['Tile_1_0', 'Tile_1_0']","[12, 160]",,,Tile_1_0,12,0.389
P09,18,18,Baphia massaiensis subsp. obovata,30.092850571045048,22.890056419309012,0.062,0,[],1,['Tile_1_0'],[7],,,Tile_1_0,7,0.055
P09,18,19,Baphia massaiensis subsp. obovata,29.94964184504624,22.710080696507863,0.08,0,[],1,['Tile_1_0'],[7],,,,,
P09,20,20,Baikiaea plurijuga,28.16004270306406,32.185170928849544,0.35200000000000004,2,"['0109_T0', '0127_T0']",5,"['Tile_1_1', 'Tile_1_1', 'Tile_1_1', 'Tile_1_1', 'Tile_1_1']","[1, 7, 11, 12, 114]",0109_T0,0.281,Tile_1_1,7,0.305
P09,21,21,Baikiaea plurijuga,29.24715740443944,34.51501676625028,0.384,2,"['0109_T0', '0127_T0']",5,"['Tile_1_1', 'Tile_1_1', 'Tile_1_1', 'Tile_1_1', 'Tile_1_1']","[1, 7, 11, 12, 114]",0127_T0,0.402,Tile_1_1,12,0.286
P09,22,22,Baikiaea plurijuga,36.760955961276565,39.78216317082955,0.252,1,['0143_T0'],3,"['Tile_1_1', 'Tile_1_1', 'Tile_1_1']","[24, 32, 139]",0143_T0,0.267,Tile_1_1,24,0.209
P09,23,25,Baikiaea plurijuga,35.14295890472798,43.36993204925527,0.132,0,[],3,"['Tile_1_1', 'Tile_1_1', 'Tile_1_1']","[8, 32, 139]",,,Tile_1_1,139,0.187
P09,23,23,Baikiaea plurijuga,34.62885594612241,42.88444451290341,0.28800000000000003,1,['0143_T0'],3,"['Tile_1_1', 'Tile_1_1', 'Tile_1_1']","[24, 32, 139]",,,Tile_1_1,24,0.209
P09,23,24,Baikiaea plurijuga,35.20690150786249,42.8078721382988,0.271,1,['0143_T0'],3,"['Tile_1_1', 'Tile_1_1', 'Tile_1_1']","[24, 32, 139]",0143_T0,0.267,Tile_1_1,32,0.157
P09,26,26,Baikiaea plurijuga,40.53216295082199,42.915531620597896,0.41100000000000003,2,"['0144_T0', '0143_T0']",1,['Tile_1_1'],[24],0144_T0,0.433,Tile_1_1,24,0.209
P09,27,27,Baikiaea plurijuga,48.73917205610933,33.95701603230255,0.37200000000000005,1,['0128_T0'],1,['Tile_1_1'],[47],0128_T0,0.338,Tile_1_1,47,0.265
P09,28,28,Julbernardia paniculata,55.50310090295384,38.12116859372785,0.223,4,"['0129_T0', '0129_T1', '0145_T1', '0145_T0']",2,"['Tile_1_1', 'Tile_1_1']","[58, 66]",0129_T1,0.2,Tile_1_1,66,0.212
P09,30,30,Julbernardia paniculata,52.58412605726951,42.32241672377947,0.298,3,"['0129_T1', '0145_T1', '0145_T0']",2,"['Tile_1_1', 'Tile_1_1']","[58, 66]",0145_T1,0.296,Tile_1_1,58,0.259
P09,31,31,Julbernardia paniculata,55.07586001971238,41.43875283948364,0.23399999999999999,3,"['0129_T1', '0145_T1', '0145_T0']",2,"['Tile_1_1', 'Tile_1_1']","[58, 66]",0145_T0,0.214,Tile_1_1,66,0.212
P09,32,32,Julbernardia paniculata,59.44282138548267,49.65715587352072,0.293,2,"['0146_T0', '0159_T0']",1,['Tile_1_1'],[69],0146_T0,0.298,,,
P09,33,33,Baikiaea plurijuga,56.67480092264489,54.65841198746963,0.39399999999999996,1,['0159_T0'],1,['Tile_1_1'],[69],0159_T0,0.388,Tile_1_1,69,0.366
P09,34,34,Baikiaea plurijuga,52.39106443384711,58.78268182521576,0.261,0,[],1,['Tile_1_1'],[57],,,Tile_1_1,57,0.166
P09,35,35,Julbernardia paniculata,53.23556901047824,67.8742390086717,0.29,1,['0172_T0'],2,"['Tile_1_1', 'Tile_1_1']","[62, 65]",0172_T0,0.365,Tile_1_1,62,0.27
P09,36,36,Baphia massaiensis subsp. obovata,65.81620601611853,58.63045339171181,0.079,1,['0173_T1'],2,"['Tile_1_1', 'Tile_1_1']","[79, 82]",,,Tile_1_1,82,0.048
P09,36,37,Baphia massaiensis subsp. obovata,65.72819651742131,58.84105806435481,0.069,1,['0173_T1'],3,"['Tile_1_1', 'Tile_1_1', 'Tile_1_1']","[76, 79, 82]",0173_T1,0.072,Tile_1_1,79,0.064
P09,38,38,Baikiaea plurijuga,66.5670915347141,60.53774753210115,0.23800000000000002,1,['0161_T2'],4,"['Tile_1_1', 'Tile_1_1', 'Tile_1_1', 'Tile_1_1']","[85, 93, 97, 208]",,,Tile_1_1,208,0.172
P09,38,39,Baikiaea plurijuga,66.45956366714518,61.04503222307464,0.295,0,[],3,"['Tile_1_1', 'Tile_1_1', 'Tile_1_1']","[85, 93, 208]",,,Tile_1_1,93,0.221
P09,40,40,Julbernardia paniculata,72.35430413478639,63.153215047014,0.257,0,[],5,"['Tile_1_1', 'Tile_1_1', 'Tile_1_1', 'Tile_1_1', 'Tile_2_1']","[93, 96, 101, 208, 4]",,,Tile_1_1,101,0.212
P09,41,41,Baikiaea plurijuga,69.34630398180191,66.76076755247327,0.35,0,[],1,['Tile_1_1'],[101],,,,,
P09,42,42,Julbernardia paniculata,60.040609407614895,67.67342767099855,0.317,0,[],2,"['Tile_1_1', 'Tile_1_1']","[65, 77]",,,Tile_1_1,77,0.292
P09,43,43,Baphia massaiensis subsp. obovata,73.31715476736811,67.01324337065842,0.166,0,[],4,"['Tile_1_1', 'Tile_1_1', 'Tile_2_1', 'Tile_2_1']","[96, 101, 3, 4]",,,Tile_2_1,4,0.154
P09,44,46,Julbernardia paniculata,62.62861298101013,79.51822135869499,0.198,0,[],2,"['Tile_1_2', 'Tile_1_2']","[21, 24]",,,Tile_1_2,21,0.168
P09,44,44,Julbernardia paniculata,63.59455423474356,80.41094611713733,0.28600000000000003,2,"['0183_T0', '0183_T1']",2,"['Tile_1_2', 'Tile_1_2']","[21, 24]",0183_T1,0.306,Tile_1_2,24,0.2
P09,47,47,Baikiaea plurijuga,79.22103548373425,65.03749225097756,0.267,2,"['0175_T3', '0175_T1']",3,"['Tile_2_1', 'Tile_2_1', 'Tile_2_1']","[4, 14, 151]",0175_T3,0.259,Tile_2_1,151,0.185
P09,47,48,Baikiaea plurijuga,79.82045419277736,65.14838504266889,0.342,3,"['0175_T3', '0175_T1', '0175_T0']",3,"['Tile_2_1', 'Tile_2_1', 'Tile_2_1']","[14, 28, 151]",0175_T1,0.348,Tile_2_1,14,0.289
P09,49,49,Baikiaea plurijuga,81.74527126406804,67.24616464073634,0.256,3,"['0175_T3', '0175_T1', '0175_T0']",3,"['Tile_2_1', 'Tile_2_1', 'Tile_2_1']","[14, 28, 151]",0175_T0,0.281,Tile_2_1,28,0.227
P09,50,50,Baikiaea plurijuga,82.73050882385421,60.77532180917362,0.386,4,"['0175_T3', '0175_T1', '0162_T0', '0175_T0']",3,"['Tile_2_1', 'Tile_2_1', 'Tile_2_1']","[14, 28, 30]",0162_T0,0.426,Tile_2_1,30,0.358
P09,51,51,Baikiaea plurijuga,94.43864679502208,56.69861906699374,0.315,3,"['0163_T1', '0163_T2', '0163_T0']",2,"['Tile_2_1', 'Tile_2_1']","[48, 182]",0163_T0,0.314,Tile_2_1,48,0.23
P09,51,52,Baikiaea plurijuga,94.03392648241676,56.18999202429484,0.261,3,"['0163_T1', '0163_T2', '0163_T0']",2,"['Tile_2_1', 'Tile_2_1']","[48, 182]",0163_T1,0.244,Tile_2_1,182,0.208
P09,53,53,Indet indet,83.02915714572845,54.08403574595367,0.214,0,[],2,"['Tile_2_1', 'Tile_2_1']","[18, 40]",,,Tile_2_1,18,0.282
P09,54,54,Baikiaea plurijuga,79.88819274346027,54.794206587149056,0.376,2,"['0162_T1', '0162_T0']",3,"['Tile_2_1', 'Tile_2_1', 'Tile_2_1']","[2, 18, 30]",0162_T1,0.333,Tile_2_1,18,0.282
P09,59,59,Baikiaea plurijuga,69.49229284674618,56.34432443347566,0.166,2,"['0161_T2', '0161_T3']",4,"['Tile_1_1', 'Tile_1_1', 'Tile_1_1', 'Tile_1_1']","[93, 97, 208, 210]",0161_T2,0.147,Tile_1_1,97,0.139
P09,59,60,Baikiaea plurijuga,70.87606947683432,56.31671577501599,0.161,3,"['0161_T2', '0161_T3', '0161_T0']",4,"['Tile_1_1', 'Tile_1_1', 'Tile_1_1', 'Tile_1_1']","[93, 97, 208, 210]",0161_T3,0.141,Tile_1_1,210,0.115
P09,61,61,Baikiaea plurijuga,68.17493050523332,48.90697568132186,0.32799999999999996,1,['0160_T0'],2,"['Tile_1_1', 'Tile_1_1']","[80, 90]",0160_T0,0.315,Tile_1_1,90,0.194
P09,62,62,Baikiaea plurijuga,70.20608279671544,48.56871488133617,0.258,1,['0160_T0'],2,"['Tile_1_1', 'Tile_1_1']","[90, 91]",0160_T0,0.315,Tile_1_1,91,0.139
P09,62,63,Baikiaea plurijuga,70.51908405376092,48.3196562274252,0.221,1,['0160_T0'],2,"['Tile_1_1', 'Tile_1_1']","[90, 91]",,,Tile_1_1,90,0.194
P09,65,65,Baikiaea plurijuga,66.24251748144283,43.74815993490439,0.254,2,"['0146_T3', '0146_T1']",3,"['Tile_1_1', 'Tile_1_1', 'Tile_1_1']","[80, 87, 90]",0146_T3,0.15,Tile_1_1,87,0.221
P09,66,66,Baikiaea plurijuga,61.86981697030553,44.27550255588213,0.264,2,"['0146_T1', '0146_T0']",1,['Tile_1_1'],[80],0146_T1,0.309,Tile_1_1,80,0.268
P09,68,68,Baikiaea plurijuga,73.38405231952115,45.65658340900906,0.228,2,"['0147_T0', '0160_T0']",2,"['Tile_1_1', 'Tile_2_1']","[91, 5]",0147_T0,0.278,Tile_2_1,5,0.242
P09,69,69,Baikiaea plurijuga,77.1114519818132,41.66828906711992,0.276,2,"['0147_T0', '0132_T1']",3,"['Tile_2_1', 'Tile_2_1', 'Tile_2_1']","[5, 13, 16]",0147_T0,0.278,Tile_2_1,5,0.242
P09,70,70,Baikiaea plurijuga,79.30250600517599,45.86731065157335,0.251,2,"['0147_T0', '0148_T1']",3,"['Tile_2_1', 'Tile_2_1', 'Tile_2_1']","[5, 13, 25]",0147_T0,0.278,Tile_2_1,13,0.226
P09,73,76,Baphia massaiensis subsp. obovata,71.2334456866952,27.214571829171984,0.10800000000000001,1,['0113_T0'],2,"['Tile_1_1', 'Tile_1_1']","[199, 202]",0113_T0,0.054,Tile_1_1,202,0.066
P09,80,80,Baphia massaiensis subsp. obovata,54.57005631130183,25.866849853382107,0.084,0,[],4,"['Tile_1_0', 'Tile_1_1', 'Tile_1_1', 'Tile_1_1']","[67, 71, 176, 232]",,,Tile_1_1,176,0.098
P09,80,81,Baphia massaiensis subsp. obovata,54.78798263347394,26.1407259532969,0.096,0,[],6,"['Tile_1_0', 'Tile_1_1', 'Tile_1_1', 'Tile_1_1', 'Tile_1_1', 'Tile_1_1']","[67, 63, 71, 174, 176, 232]",,,Tile_1_1,232,0.1
P09,82,82,Baikiaea plurijuga,59.98920004175721,23.522818874775798,0.237,0,[],4,"['Tile_1_0', 'Tile_1_0', 'Tile_1_0', 'Tile_1_1']","[106, 233, 267, 63]",,,Tile_1_0,106,0.185
P09,82,83,Baikiaea plurijuga,59.87173615097789,23.053988165070272,0.304,0,[],4,"['Tile_1_0', 'Tile_1_0', 'Tile_1_0', 'Tile_1_0']","[78, 106, 233, 267]",,,Tile_1_0,267,0.252
P09,85,85,Baphia massaiensis subsp. obovata,58.65465940208323,14.29722939328148,0.076,0,[],6,"['Tile_1_0', 'Tile_1_0', 'Tile_1_0', 'Tile_1_0', 'Tile_1_0', 'Tile_1_0']","[80, 90, 109, 227, 228, 264]",,,Tile_1_0,109,0.1
P09,87,87,Baikiaea plurijuga,62.629394554585126,5.319814371825367,0.248,0,[],6,"['Tile_1_0', 'Tile_1_0', 'Tile_1_0', 'Tile_1_0', 'Tile_1_0', 'Tile_1_0']","[98, 108, 117, 277, 279, 280]",,,Tile_1_0,117,0.202
P09,88,88,Baphia massaiensis subsp. obovata,56.93849476080808,10.052599971996637,0.064,0,[],3,"['Tile_1_0', 'Tile_1_0', 'Tile_1_0']","[80, 225, 227]",,,Tile_1_0,80,0.056
P09,90,90,Baikiaea plurijuga,48.91827964595397,19.245866503076087,0.23600000000000002,0,[],3,"['Tile_1_0', 'Tile_1_0', 'Tile_1_0']","[58, 76, 211]",,,Tile_1_0,211,0.254
P09,90,91,Baikiaea plurijuga,48.35454179534075,19.822234125159408,0.371,0,[],3,"['Tile_1_0', 'Tile_1_0', 'Tile_1_0']","[58, 62, 211]",,,Tile_1_0,58,0.234
P09,90,92,Baikiaea plurijuga,48.61411018412869,19.10451255550859,0.28300000000000003,0,[],3,"['Tile_1_0', 'Tile_1_0', 'Tile_1_0']","[58, 62, 211]",,,Tile_1_0,62,0.357
P09,93,93,Baphia massaiensis subsp. obovata,53.23520721812312,20.334781714029518,0.079,1,['0111_T0'],4,"['Tile_1_0', 'Tile_1_0', 'Tile_1_0', 'Tile_1_0']","[63, 67, 90, 228]",,,Tile_1_0,67,0.093
P09,93,94,Baphia massaiensis subsp. obovata,53.90126227856043,20.04760466678191,0.07400000000000001,1,['0111_T0'],5,"['Tile_1_0', 'Tile_1_0', 'Tile_1_0', 'Tile_1_0', 'Tile_1_0']","[63, 67, 90, 228, 264]",,,Tile_1_0,90,0.065
P09,95,95,Baikiaea plurijuga,53.1724572623661,22.8255973320656,0.326,0,[],5,"['Tile_1_0', 'Tile_1_0', 'Tile_1_0', 'Tile_1_0', 'Tile_1_0']","[58, 62, 76, 78, 233]",,,Tile_1_0,78,0.291
P09,95,96,Baikiaea plurijuga,54.368424093418064,21.758937433586464,0.17300000000000001,0,[],10,"['Tile_1_0', 'Tile_1_0', 'Tile_1_0', 'Tile_1_0', 'Tile_1_0', 'Tile_1_0', 'Tile_1_0', 'Tile_1_1', 'Tile_1_1', 'Tile_1_1']","[58, 67, 77, 106, 211, 233, 267, 174, 176, 232]",,,Tile_1_0,233,0.17
P09,97,97,Baikiaea plurijuga,48.34531312722856,23.34394036385747,0.23,0,[],1,['Tile_1_0'],[58],,,Tile_1_0,58,0.234
P09,98,98,Baphia massaiensis subsp. obovata,46.22579765950012,21.64389501679762,0.086,1,['0111_T0'],2,"['Tile_1_0', 'Tile_1_0']","[56, 204]",0111_T0,0.085,Tile_1_0,204,0.102
P09,99,99,Baphia massaiensis subsp. obovata,44.27722214615144,15.501138838274986,0.071,0,[],2,"['Tile_1_0', 'Tile_1_0']","[52, 56]",,,Tile_1_0,52,0.062
P09,100,100,Baikiaea plurijuga,41.49368323519156,15.696871132933444,0.21100000000000002,0,[],0,[],[],,,,,
P09,102,102,Baphia massaiensis subsp. obovata,37.60567448592062,10.65006145100639,0.071,0,[],0,[],[],,,,,
P09,103,103,Baphia massaiensis subsp. obovata,38.36848242088807,9.19963942471518,0.084,0,[],0,[],[],,,,,
P09,103,107,Baphia massaiensis subsp. obovata,38.42452061801804,9.270064707550414,0.07200000000000001,0,[],0,[],[],,,,,
P09,104,104,Baikiaea plurijuga,36.86975880950576,7.797952035642589,0.209,2,"['0074_T2', '0074_T0']",4,"['Tile_1_0', 'Tile_1_0', 'Tile_1_0', 'Tile_1_0']","[14, 24, 25, 173]",0074_T2,0.204,Tile_1_0,25,0.129
P09,104,105,Baikiaea plurijuga,37.09121784976594,7.915663094965997,0.132,0,[],5,"['Tile_1_0', 'Tile_1_0', 'Tile_1_0', 'Tile_1_0', 'Tile_1_0']","[14, 24, 25, 35, 173]",,,Tile_1_0,173,0.141
P09,106,106,Baikiaea plurijuga,35.583574023776144,6.342160602449746,0.21899999999999997,2,"['0074_T2', '0074_T0']",4,"['Tile_1_0', 'Tile_1_0', 'Tile_1_0', 'Tile_1_0']","[14, 24, 25, 173]",0074_T2,0.204,Tile_1_0,24,0.152
P09,108,108,Baikiaea plurijuga,40.02026033339083,-0.1274463863925961,0.18899999999999997,2,"['0058_T2', '0074_T0']",6,"['Tile_1_0', 'Tile_1_0', 'Tile_1_0', 'Tile_1_0', 'Tile_1_0', 'Tile_1_0']","[24, 31, 36, 42, 45, 174]",0058_T2,0.163,Tile_1_0,31,0.168
P09,108,109,Baikiaea plurijuga,40.14478966034632,0.0290542421301447,0.17300000000000001,2,"['0058_T2', '0074_T0']",6,"['Tile_1_0', 'Tile_1_0', 'Tile_1_0', 'Tile_1_0', 'Tile_1_0', 'Tile_1_0']","[24, 31, 36, 42, 45, 174]",0074_T0,0.208,Tile_1_0,174,0.143
P09,110,110,Baikiaea plurijuga,43.43872197304915,-0.6494808854293437,0.366,2,"['0058_T1', '0058_T0']",3,"['Tile_1_0', 'Tile_1_0', 'Tile_1_0']","[36, 50, 191]",0058_T1,0.387,Tile_1_0,36,0.202
P09,111,111,Baikiaea plurijuga,46.54400551688744,-2.0469121403993915,0.171,0,[],6,"['Tile_1_0', 'Tile_1_0', 'Tile_1_0', 'Tile_1_0', 'Tile_1_0', 'Tile_1_0']","[36, 42, 45, 49, 50, 61]",,,Tile_1_0,61,0.162
P09,111,112,Baikiaea plurijuga,45.90100154340991,-2.2125801520736763,0.092,1,['0058_T3'],4,"['Tile_1_0', 'Tile_1_0', 'Tile_1_0', 'Tile_1_0']","[45, 48, 49, 189]",0058_T3,0.073,Tile_1_0,45,0.123
P09,113,116,Baphia massaiensis subsp. obovata,45.37753830196197,5.641615302258537,0.05,0,[],0,[],[],,,,,
P09,113,115,Baphia massaiensis subsp. obovata,45.95558386370206,5.565042927653928,0.071,0,[],0,[],[],,,,,
P09,113,114,Baphia massaiensis subsp. obovata,45.62911386535809,4.994151221477272,0.07400000000000001,0,[],0,[],[],,,,,
P09,113,113,Baphia massaiensis subsp. obovata,45.31779054796937,4.602899650170419,0.064,0,[],0,[],[],,,,,
P09,117,117,Baphia massaiensis subsp. obovata,52.38138352529104,2.880066445611111,0.064,0,[],1,['Tile_1_0'],[69],,,Tile_1_0,69,0.078
P09,117,118,Baphia massaiensis subsp. obovata,53.47604895512185,2.328516269531609,0.077,0,[],2,"['Tile_1_0', 'Tile_1_0']","[69, 219]",,,Tile_1_0,219,0.103
P09,117,268,Baphia massaiensis subsp. obovata,75.11029161484424,35.92520129261459,0.052000000000000005,0,[],1,['Tile_2_1'],[141],,,Tile_2_1,141,0.036
P09,119,119,Baikiaea plurijuga,28.243187106759542,-10.270594133249318,0.281,0,[],0,[],[],,,,,
P09,119,120,Baikiaea plurijuga,32.31052550869406,-12.868046408874182,0.252,3,"['0042_T2', '0042_T1', '0042_T0']",3,"['Tile_1_0', 'Tile_1_0', 'Tile_1_0']","[16, 166, 167]",0042_T1,0.263,Tile_1_0,167,0.221
P09,119,121,Baikiaea plurijuga,32.57539297461411,-13.82001553941209,0.259,3,"['0042_T2', '0042_T1', '0042_T0']",3,"['Tile_1_0', 'Tile_1_0', 'Tile_1_0']","[16, 166, 167]",0042_T0,0.374,Tile_1_0,166,0.257
P09,119,122,Baikiaea plurijuga,32.12187673982951,-13.586942536284742,0.114,1,['0042_T2'],0,[],[],,,,,
P09,119,123,Baikiaea plurijuga,31.9786680138307,-13.766918259085896,0.14,1,['0042_T2'],1,['Tile_1_0'],[16],,,,,
P09,119,124,Baikiaea plurijuga,31.880899330697623,-13.40797357727764,0.174,1,['0042_T2'],3,"['Tile_1_0', 'Tile_1_0', 'Tile_1_0']","[16, 166, 167]",,,Tile_1_0,16,0.206
P09,126,126,Baikiaea plurijuga,41.5061300817826,-18.2553886604295,0.261,0,[],2,"['Tile_1_0', 'Tile_1_0']","[38, 43]",,,Tile_1_0,38,0.26
P09,126,127,Baikiaea plurijuga,41.84748150291998,-19.191539934149453,0.244,0,[],2,"['Tile_1_0', 'Tile_1_0']","[38, 43]",,,Tile_1_0,43,0.211
P09,128,128,Baikiaea plurijuga,41.94679651097965,-15.37281808918953,0.17,0,[],0,[],[],,,,,
P09,128,129,Baikiaea plurijuga,41.7263532793224,-14.686228851277583,0.098,0,[],1,['Tile_1_0'],[188],,,,,
P09,130,135,Baphia massaiensis subsp. obovata,53.82464062250843,-9.118146294265255,0.124,0,[],3,"['Tile_1_0', 'Tile_1_0', 'Tile_1_0']","[68, 79, 215]",,,Tile_1_0,79,0.144
P09,130,134,Baphia massaiensis subsp. obovata,53.77398992189786,-8.86059143306544,0.07200000000000001,0,[],2,"['Tile_1_0', 'Tile_1_0']","[68, 72]",,,Tile_1_0,68,0.083
P09,130,130,Baphia massaiensis subsp. obovata,53.29101929503115,-9.306953812286604,0.077,0,[],1,['Tile_1_0'],[68],,,,,
P09,130,131,Baphia massaiensis subsp. obovata,52.6419656939804,-8.355991445542756,0.066,0,[],2,"['Tile_1_0', 'Tile_1_0']","[68, 72]",,,Tile_1_0,72,0.038
P09,136,136,Baphia massaiensis subsp. obovata,52.510724608397865,-5.951251173194176,0.106,1,['0058_T3'],2,"['Tile_1_0', 'Tile_1_0']","[68, 215]",,,Tile_1_0,215,0.135
P09,137,137,Philenoptera nelsii,60.45428095796159,-4.962154352197447,0.19899999999999998,0,[],1,['Tile_1_0'],[113],,,Tile_1_0,113,0.144
P09,138,139,Baikiaea plurijuga,59.48692499403174,-14.850522389393952,0.34,1,['0045_T0'],3,"['Tile_1_0', 'Tile_1_0', 'Tile_1_0']","[107, 234, 269]",0045_T0,0.3,Tile_1_0,107,0.284
P09,138,138,Baikiaea plurijuga,58.93917279420215,-14.414669745049745,0.226,1,['0045_T0'],7,"['Tile_1_0', 'Tile_1_0', 'Tile_1_0', 'Tile_1_0', 'Tile_1_0', 'Tile_1_0', 'Tile_1_0']","[79, 86, 92, 96, 107, 234, 269]",,,Tile_1_0,269,0.211
P09,140,140,Baikiaea plurijuga,65.65532152747032,-8.704516840562828,0.297,0,[],1,['Tile_1_0'],[126],,,Tile_1_0,126,0.187
P09,141,141,Baikiaea plurijuga,69.19756397234454,3.134968725192622,0.209,0,[],3,"['Tile_1_0', 'Tile_1_0', 'Tile_1_0']","[136, 309, 310]",,,Tile_1_0,310,0.164
P09,141,142,Baikiaea plurijuga,68.91569504703793,3.4231525362342845,0.325,0,[],3,"['Tile_1_0', 'Tile_1_0', 'Tile_1_0']","[136, 309, 310]",,,Tile_1_0,136,0.268
P09,143,144,Baikiaea plurijuga,63.69946257252956,1.0434427278995893,0.272,0,[],5,"['Tile_1_0', 'Tile_1_0', 'Tile_1_0', 'Tile_1_0', 'Tile_1_0']","[116, 117, 277, 279, 280]",,,Tile_1_0,116,0.175
P09,143,143,Baikiaea plurijuga,64.23931036635462,1.2400752773470751,0.254,0,[],5,"['Tile_1_0', 'Tile_1_0', 'Tile_1_0', 'Tile_1_0', 'Tile_1_0']","[116, 117, 277, 279, 280]",,,Tile_1_0,277,0.229
P09,145,146,Baikiaea plurijuga,65.74377515180544,5.218653630143256,0.172,0,[],6,"['Tile_1_0', 'Tile_1_0', 'Tile_1_0', 'Tile_1_0', 'Tile_1_0', 'Tile_1_0']","[116, 117, 277, 279, 280, 310]",,,Tile_1_0,280,0.161
P09,145,145,Baikiaea plurijuga,65.5569811613722,4.983902687359145,0.209,0,[],6,"['Tile_1_0', 'Tile_1_0', 'Tile_1_0', 'Tile_1_0', 'Tile_1_0', 'Tile_1_0']","[116, 117, 136, 277, 279, 280]",,,Tile_1_0,117,0.202
P09,149,150,Baikiaea plurijuga,75.50868393950265,12.03001592912235,0.345,0,[],2,"['Tile_2_0', 'Tile_2_0']","[2, 140]",,,Tile_2_0,140,0.279
P09,149,149,Baikiaea plurijuga,76.27948469986191,10.509336413961584,0.38799999999999996,0,[],2,"['Tile_2_0', 'Tile_2_0']","[2, 140]",,,Tile_2_0,2,0.31
P09,151,151,Indet indet,83.03643652991752,15.548046761491795,0.23600000000000002,3,"['0115_T1', '0097_T2', '0097_T0']",3,"['Tile_2_0', 'Tile_2_0', 'Tile_2_0']","[15, 30, 156]",0097_T0,0.199,Tile_2_0,30,0.144
P09,152,152,Indet indet,87.08275546209813,15.012040139259533,0.425,1,['0097_T1'],0,[],[],0097_T1,0.405,,,
P09,153,154,Baikiaea plurijuga,78.99267973126646,21.066020207727583,0.254,2,"['0115_T1', '0097_T2']",3,"['Tile_2_0', 'Tile_2_0', 'Tile_2_0']","[9, 15, 156]",0115_T1,0.222,Tile_2_0,9,0.196
P09,153,153,Baikiaea plurijuga,79.66580022787993,20.4665130792972,0.335,3,"['0115_T1', '0097_T2', '0115_T0']",3,"['Tile_2_0', 'Tile_2_0', 'Tile_2_0']","[9, 15, 156]",0097_T2,0.324,Tile_2_0,15,0.303
P09,155,155,Baphia massaiensis subsp. obovata,77.85729962403548,22.851240645685923,0.051,0,[],0,[],[],,,,,
P09,156,156,Baphia massaiensis subsp. obovata,77.31493492072528,23.615073434065188,0.066,0,[],0,[],[],,,,,
P09,157,157,Baikiaea plurijuga,83.4395241269105,22.6394161912388,0.406,3,"['0115_T1', '0097_T2', '0115_T0']",4,"['Tile_2_0', 'Tile_2_0', 'Tile_2_1', 'Tile_2_1']","[15, 156, 12, 32]",0115_T0,0.408,Tile_2_1,32,0.212
P09,160,160,Baikiaea plurijuga,94.83598713184205,27.24518767680194,0.195,0,[],2,"['Tile_2_1', 'Tile_2_1']","[51, 54]",,,Tile_2_1,51,0.159
P09,161,161,Baikiaea plurijuga,94.19360209407546,31.015113599582605,0.314,2,"['0116_T0', '0133_T1']",2,"['Tile_2_1', 'Tile_2_1']","[51, 54]",0116_T0,0.313,Tile_2_1,54,0.255
P09,162,164,Baikiaea plurijuga,85.22669680749631,26.009655620384407,0.21,1,['0115_T2'],6,"['Tile_2_0', 'Tile_2_1', 'Tile_2_1', 'Tile_2_1', 'Tile_2_1', 'Tile_2_1']","[42, 12, 32, 33, 164, 166]",,,Tile_2_1,32,0.212
P09,162,162,Baikiaea plurijuga,85.80054752009448,27.533858808824377,0.22,0,[],5,"['Tile_2_0', 'Tile_2_1', 'Tile_2_1', 'Tile_2_1', 'Tile_2_1']","[42, 32, 33, 164, 166]",,,Tile_2_1,164,0.176
P09,162,163,Baikiaea plurijuga,86.3474607500957,27.418161277089084,0.077,0,[],0,[],[],,,,,
P09,165,165,Baikiaea plurijuga,79.14763606356411,28.08646097274233,0.237,2,"['0115_T2', '0132_T2']",1,['Tile_2_1'],[12],0115_T2,0.227,Tile_2_1,12,0.204
P09,166,166,Indet indet,78.69403140939224,27.75730627094754,0.162,2,"['0115_T2', '0132_T2']",2,"['Tile_2_0', 'Tile_2_1']","[9, 12]",0115_T2,0.227,Tile_2_1,12,0.204
P09,168,169,Baikiaea plurijuga,82.84054954350529,36.66229854289657,0.36200000000000004,2,"['0132_T0', '0132_T1']",2,"['Tile_2_1', 'Tile_2_1']","[16, 152]",0132_T0,0.351,Tile_2_1,152,0.337
P09,168,168,Baikiaea plurijuga,82.16910698654857,36.62149544610912,0.37799999999999995,2,"['0132_T0', '0132_T1']",2,"['Tile_2_1', 'Tile_2_1']","[16, 152]",0132_T1,0.397,Tile_2_1,16,0.3
P09,170,171,Baikiaea plurijuga,89.86545946063264,37.7817361946868,0.28,0,[],2,"['Tile_2_1', 'Tile_2_1']","[44, 180]",,,Tile_2_1,44,0.262
P09,170,170,Baikiaea plurijuga,88.71215050479944,38.66109872083568,0.278,0,[],2,"['Tile_2_1', 'Tile_2_1']","[44, 180]",,,Tile_2_1,180,0.212
P09,172,172,Baikiaea plurijuga,105.46262198967436,39.55614343166935,0.336,0,[],1,['Tile_2_1'],[87],,,Tile_2_1,87,0.254
P09,173,173,Baphia massaiensis subsp. obovata,108.42695048753868,46.6542246200434,0.071,0,[],0,[],[],,,,,
P09,174,175,Baikiaea plurijuga,96.70786068455746,48.950511664308905,0.316,1,['0149_T1'],3,"['Tile_2_1', 'Tile_2_1', 'Tile_2_1']","[61, 190, 191]",,,Tile_2_1,61,0.199
P09,174,174,Baikiaea plurijuga,97.83617535561228,47.47762130753334,0.32,1,['0149_T1'],3,"['Tile_2_1', 'Tile_2_1', 'Tile_2_1']","[61, 190, 191]",0149_T1,0.263,Tile_2_1,191,0.268
P09,174,176,Baikiaea plurijuga,93.00704482731324,52.32979590668476,0.263,3,"['0163_T1', '0163_T2', '0163_T0']",4,"['Tile_2_1', 'Tile_2_1', 'Tile_2_1', 'Tile_2_1']","[48, 61, 182, 190]",0163_T1,0.244,Tile_2_1,182,0.208
P09,177,179,Baphia massaiensis subsp. obovata,96.12389710997432,45.32573766534564,0.05,0,[],1,['Tile_2_1'],[59],,,,,
P09,177,177,Baphia massaiensis subsp. obovata,96.51616448988408,45.81871464519227,0.057999999999999996,0,[],1,['Tile_2_1'],[59],,,Tile_2_1,59,0.073
P09,177,178,Baphia massaiensis subsp. obovata,95.7459374411914,45.332555932977726,0.059000000000000004,0,[],1,['Tile_2_1'],[59],,,,,
P09,180,180,Baikiaea plurijuga,95.89510940407764,55.15631019117701,0.23399999999999999,3,"['0163_T1', '0163_T2', '0163_T0']",2,"['Tile_2_1', 'Tile_2_1']","[48, 182]",0163_T2,0.219,Tile_2_1,48,0.23
P09,181,181,Philenoptera nelsii,113.9118463755155,38.2898467532768,0.17600000000000002,0,[],2,"['Tile_2_1', 'Tile_2_1']","[113, 247]",,,Tile_2_1,113,0.256
P09,182,182,Baikiaea plurijuga,117.04371372440164,36.28340539879349,0.32899999999999996,1,['0135_T0'],2,"['Tile_2_1', 'Tile_2_1']","[113, 129]",0135_T0,0.348,Tile_2_1,113,0.256
P09,185,185,Baikiaea plurijuga,118.93633743130611,31.5953273806646,0.18899999999999997,0,[],4,"['Tile_2_1', 'Tile_2_1', 'Tile_2_1', 'Tile_2_1']","[120, 124, 247, 263]",,,Tile_2_1,124,0.101
P09,187,187,Baphia massaiensis subsp. obovata,117.85982088419496,28.7969864214897,0.073,0,[],3,"['Tile_2_1', 'Tile_2_1', 'Tile_2_1']","[124, 125, 248]",,,Tile_2_1,248,0.062
P09,188,188,Baikiaea plurijuga,117.9094557762026,27.735131263054534,0.08199999999999999,0,[],3,"['Tile_2_1', 'Tile_2_1', 'Tile_2_1']","[123, 124, 248]",,,Tile_2_1,248,0.062
P09,188,189,Baikiaea plurijuga,117.44163183029114,27.46840901870317,0.105,0,[],4,"['Tile_2_1', 'Tile_2_1', 'Tile_2_1', 'Tile_2_1']","[120, 123, 124, 248]",,,Tile_2_1,123,0.117
P09,193,193,Baikiaea plurijuga,106.88618387924552,26.730155300279208,0.387,1,['0117_T0'],2,"['Tile_2_1', 'Tile_2_1']","[85, 92]",0117_T0,0.209,Tile_2_1,92,0.366
P09,194,194,Baikiaea plurijuga,112.8756887995539,20.686288093796115,0.49700000000000005,1,['0100_T0'],2,"['Tile_2_0', 'Tile_2_0']","[98, 240]",0100_T0,0.617,Tile_2_0,98,0.294
P09,195,195,Baphia massaiensis subsp. obovata,112.22738574894429,20.754867643008907,0.063,0,[],3,"['Tile_2_0', 'Tile_2_0', 'Tile_2_0']","[88, 102, 226]",,,Tile_2_0,226,0.042
P09,195,196,Baphia massaiensis subsp. obovata,112.30563606320564,20.692602979531166,0.068,0,[],4,"['Tile_2_0', 'Tile_2_0', 'Tile_2_0', 'Tile_2_0']","[88, 102, 107, 226]",,,Tile_2_0,88,0.079
P09,199,199,Baikiaea plurijuga,93.7517862128438,20.82358286435488,0.389,0,[],0,[],[],,,,,
P09,204,204,Baikiaea plurijuga,102.61906398045556,3.0585671032580644,0.309,2,"['0081_T2', '0064_T0']",1,['Tile_2_0'],[74],0081_T2,0.351,Tile_2_0,74,0.174
P09,205,205,Baikiaea plurijuga,96.10830224597817,8.367049149649944,0.374,1,['0080_T0'],0,[],[],0080_T0,0.376,,,
P09,206,206,Philenoptera nelsii,84.79304856172952,5.549686187392994,0.389,2,"['0079_T0', '0079_T1']",0,[],[],0079_T0,0.395,,,
P09,213,213,Baikiaea plurijuga,76.41279654059021,-18.31228095830123,0.304,0,[],2,"['Tile_2_0', 'Tile_2_0']","[5, 143]",,,Tile_2_0,143,0.277
P09,213,214,Baikiaea plurijuga,77.08591703720366,-18.91178808673161,0.22899999999999998,0,[],2,"['Tile_2_0', 'Tile_2_0']","[5, 143]",,,Tile_2_0,5,0.176
P09,215,215,Baphia massaiensis subsp. obovata,77.90842750211934,-25.265926622764983,0.07400000000000001,0,[],1,['Tile_2_-1'],[9],,,Tile_2_-1,9,0.084
P09,216,216,Baphia massaiensis subsp. obovata,78.32811765690536,-25.70211485504054,0.067,0,[],1,['Tile_2_-1'],[9],,,Tile_2_-1,9,0.084
P09,217,217,Baphia massaiensis subsp. obovata,77.92626793133427,-24.92229641587765,0.063,0,[],1,['Tile_2_-1'],[9],,,Tile_2_-1,9,0.084
P09,219,219,Baikiaea plurijuga,71.61126156853896,-35.91008939890454,0.35600000000000004,1,['0022_T0'],0,[],[],0022_T0,0.19,,,
P09,220,220,Baphia massaiensis subsp. obovata,70.3038804742809,-36.42889058854905,0.168,1,['0022_T0'],1,['Tile_1_-1'],[59],0022_T0,0.19,Tile_1_-1,59,0.169
P09,220,221,Baphia massaiensis subsp. obovata,70.11103685627444,-35.54701115291503,0.068,0,[],0,[],[],,,,,
P09,222,222,Baikiaea plurijuga,63.98569507094661,-45.011607711296,0.253,1,['0012_T0'],1,['Tile_1_-1'],[44],0012_T0,0.246,Tile_1_-1,44,0.212
P09,223,223,Baikiaea plurijuga,51.29501328825226,-34.30007206553589,0.342,1,['0020_T0'],1,['Tile_1_-1'],[22],0020_T0,0.318,Tile_1_-1,22,0.323
P09,224,270,Baphia massaiensis subsp. obovata,55.950378499181646,-30.055549153256077,0.054000000000000006,0,[],2,"['Tile_1_-1', 'Tile_1_-1']","[33, 93]",,,Tile_1_-1,33,0.037
P09,224,224,Baphia massaiensis subsp. obovata,54.553972097623415,-31.16804596749295,0.096,0,[],2,"['Tile_1_-1', 'Tile_1_-1']","[93, 94]",,,Tile_1_-1,94,0.116
P09,224,225,Baphia massaiensis subsp. obovata,54.91493030701978,-31.83864955462127,0.075,0,[],1,['Tile_1_-1'],[93],,,Tile_1_-1,93,0.062
P09,226,226,Baikiaea plurijuga,74.69009292205956,-41.516487306347294,0.509,4,"['0013_T3', '0013_T2', '0022_T2', '0013_T0']",2,"['Tile_2_-1', 'Tile_2_-1']","[3, 86]",0013_T0,0.491,Tile_2_-1,3,0.483
P09,227,227,Baikiaea plurijuga,77.96450686589067,-41.89834241557628,0.502,3,"['0013_T3', '0013_T2', '0013_T0']",2,"['Tile_2_-1', 'Tile_2_-1']","[3, 86]",0013_T2,0.326,Tile_2_-1,3,0.483
P09,228,228,Baikiaea plurijuga,81.94533687001018,-46.04995565362026,0.287,2,"['0013_T4', '0013_T2']",1,['Tile_2_-1'],[86],,,,,
P09,228,229,Baikiaea plurijuga,81.9391104036624,-46.0577806850464,0.098,0,[],0,[],[],,,,,
P09,230,230,Baikiaea plurijuga,87.26066228975927,-46.91841157200018,0.28600000000000003,1,['0015_T0'],3,"['Tile_2_-1', 'Tile_2_-1', 'Tile_2_-1']","[30, 40, 118]",,,Tile_2_-1,30,0.267
P09,231,231,Baphia massaiensis subsp. obovata,87.76668400358577,-46.92489425170092,0.08199999999999999,0,[],0,[],[],,,,,
P09,232,232,Baikiaea plurijuga,81.69270027396674,-52.14922403190462,0.39,0,[],1,['Tile_2_-1'],[12],,,Tile_2_-1,12,0.212
P09,233,233,Baikiaea plurijuga,90.6833640026039,-43.098789472251234,0.35700000000000004,1,['0015_T0'],1,['Tile_2_-1'],[40],0015_T0,0.344,Tile_2_-1,40,0.299
P09,235,235,Baikiaea plurijuga,85.16393467953029,-39.43534847400994,0.235,1,['0023_T2'],1,['Tile_2_-1'],[112],0023_T2,0.236,,,
P09,236,236,Baikiaea plurijuga,77.86492862837068,-36.081110756564215,0.345,1,['0022_T2'],0,[],[],0022_T2,0.338,,,
P09,237,237,Baphia massaiensis subsp. obovata,89.87233588582524,-31.59086900877068,0.07,0,[],1,['Tile_2_-1'],[113],,,,,
P09,237,238,Baphia massaiensis subsp. obovata,89.17329371521774,-31.826962303280204,0.084,0,[],2,"['Tile_2_-1', 'Tile_2_-1']","[48, 113]",,,Tile_2_-1,113,0.075
P09,237,239,Baphia massaiensis subsp. obovata,89.11994926634746,-31.73339751409792,0.064,0,[],1,['Tile_2_-1'],[113],,,,,
P09,240,240,Baikiaea plurijuga,93.15902592357736,-33.081529464991675,0.369,0,[],2,"['Tile_2_-1', 'Tile_2_-1']","[35, 51]",,,Tile_2_-1,51,0.371
P09,241,241,Baphia massaiensis subsp. obovata,93.325861476904,-24.03860040974933,0.086,1,['0035_T2'],2,"['Tile_2_-1', 'Tile_2_0']","[48, 52]",0035_T2,0.056,Tile_2_0,52,0.092
P09,242,242,Baphia massaiensis subsp. obovata,85.6173645236291,-28.908012563321023,0.078,0,[],1,['Tile_2_0'],[27],,,Tile_2_0,27,0.102
P09,243,273,Baphia massaiensis subsp. obovata,100.6233704845844,-2.9827992546561357,0.063,0,[],0,[],[],,,,,
P09,243,245,Baphia massaiensis subsp. obovata,92.22673796847096,-12.25032116665325,0.07,1,['0048_T3'],0,[],[],0048_T3,0.072,,,
P09,243,244,Baphia massaiensis subsp. obovata,92.54327194360452,-12.655544861155612,0.053,1,['0048_T3'],0,[],[],,,,,
P09,247,247,Baphia massaiensis subsp. obovata,99.9637598959108,-18.266182841784666,0.07200000000000001,0,[],1,['Tile_2_0'],[73],,,Tile_2_0,73,0.1
P09,248,248,Baphia massaiensis subsp. obovata,102.26649141194,-22.117653673179586,0.059000000000000004,0,[],1,['Tile_2_0'],[76],,,Tile_2_0,76,0.077
P09,252,252,Philenoptera nelsii,101.38467731866965,-2.6684556458852446,0.11699999999999999,0,[],2,"['Tile_2_0', 'Tile_2_0']","[69, 213]",,,Tile_2_0,213,0.112
P09,252,253,Philenoptera nelsii,101.5154331119729,-2.5041299859363653,0.136,0,[],2,"['Tile_2_0', 'Tile_2_0']","[69, 213]",,,Tile_2_0,69,0.164
P09,254,254,Baikiaea plurijuga,105.73578464838648,0.8724856139049288,0.524,3,"['0081_T2', '0064_T0', '0081_T1']",1,['Tile_2_0'],[81],0081_T1,0.527,Tile_2_0,81,0.576
P09,255,256,Baikiaea plurijuga,111.2647099264356,6.6966581104703815,0.27399999999999997,1,['0082_T0'],0,[],[],0082_T0,0.282,,,
P09,259,259,Baphia massaiensis subsp. obovata,118.22448459305096,6.449399966137457,0.121,1,['0083_T1'],1,['Tile_2_0'],[115],,,Tile_2_0,115,0.108
P09,260,260,Baphia massaiensis subsp. obovata,118.43181276095883,7.191771187826412,0.091,0,[],2,"['Tile_2_0', 'Tile_2_0']","[115, 256]",,,Tile_2_0,115,0.108
P09,261,261,Baikiaea plurijuga,117.01831850932824,16.175897967909577,0.55,2,"['0100_T1', '0100_T0']",2,"['Tile_2_0', 'Tile_2_0']","[98, 240]",0100_T1,0.328,Tile_2_0,98,0.294
P09,262,262,Baikiaea plurijuga,125.10326997310088,0.1579842514344784,0.7290000000000001,1,['0066_T0'],0,[],[],0066_T0,0.692,,,
P09,263,263,Baikiaea plurijuga,122.24934398724278,16.48633709142552,0.267,2,"['0101_T0', '0100_T1']",1,['Tile_2_0'],[132],0101_T0,0.23,Tile_2_0,132,0.217
P09,264,264,Baphia massaiensis subsp. obovata,134.26968946967213,18.42316296977387,0.10300000000000001,0,[],1,['Tile_3_0'],[24],,,Tile_3_0,24,0.115
P09,265,265,Baikiaea plurijuga,134.4835525574325,15.479837880747231,0.187,0,[],3,"['Tile_3_0', 'Tile_3_0', 'Tile_3_0']","[24, 31, 113]",,,Tile_3_0,31,0.234
P09,266,266,Baikiaea plurijuga,136.55224048577583,16.312982679162637,0.27899999999999997,0,[],1,['Tile_3_0'],[31],,,Tile_3_0,31,0.234
P09,269,269,Baphia massaiensis subsp. obovata,116.05926991039944,36.49166095591702,0.052000000000000005,0,[],1,['Tile_2_1'],[105],,,,,
P09,272,272,Baphia massaiensis subsp. obovata,109.10231654937095,9.439659182804649,0.054000000000000006,0,[],0,[],[],,,,,
P09,802,802,Baikiaea plurijuga,30.81533867280282,8.219374398938644,0.187,0,[],1,['Tile_1_0'],[14],,,Tile_1_0,14,0.171
P09,803,803,Baphia massaiensis subsp. obovata,117.47642443744526,-0.1118808542203515,0.077,0,[],0,[],[],,,,,
P09,881,881,Baikiaea plurijuga,68.57439087864643,21.62437259052291,0.381,0,[],1,['Tile_1_0'],[134],,,Tile_1_0,134,0.2
P09,895,895,Baphia massaiensis subsp. obovata,119.63912626801464,-6.5484032686963465,0.121,0,[],2,"['Tile_2_0', 'Tile_2_0']","[106, 269]",,,Tile_2_0,269,0.114
P09,900,900,Baphia massaiensis subsp. obovata,117.31369734257474,0.004823441309008,0.071,0,[],0,[],[],,,,,
